,precision,recall,f1-score,support
0,0.9992050084467853,0.9951504354711006,0.9971736004363564,10104.0
1,0.8646408839779005,0.9750778816199377,0.9165446559297218,321.0
accuracy,0.9945323741007194,0.9945323741007194,0.9945323741007194,0.9945323741007194
macro avg,0.9319229462123428,0.9851141585455192,0.9568591281830391,10425.0
weighted avg,0.9950615951178152,0.9945323741007194,0.9946909250227708,10425.0
