,precision,recall,f1-score,support
0,0.999403222597971,0.9944576405384006,0.9969242980454411,10104.0
1,0.8490566037735849,0.9813084112149533,0.9104046242774567,321.0
accuracy,0.994052757793765,0.994052757793765,0.994052757793765,0.994052757793765
macro avg,0.924229913185778,0.9878830258766769,0.9536644611614489,10425.0
weighted avg,0.9947738446946015,0.994052757793765,0.9942602390258227,10425.0
