,precision,recall,f1-score,support
0,0.9902779141706766,0.9980205859065716,0.994134174594568,10104.0
1,0.9173553719008265,0.6915887850467289,0.7886323268206039,321.0
accuracy,0.9885851318944844,0.9885851318944844,0.9885851318944844,0.9885851318944844
macro avg,0.9538166430357515,0.8448046854766502,0.891383250707586,10425.0
weighted avg,0.9880325294158928,0.9885851318944844,0.9878064917998013,10425.0
