,precision,recall,f1-score,support
0,0.9992056399563102,0.9959422011084719,0.9975712515489467,10104.0
1,0.884180790960452,0.9750778816199377,0.9274074074074073,321.0
accuracy,0.9952997601918465,0.9952997601918465,0.9952997601918465,0.9952997601918465
macro avg,0.941693215458381,0.9855100413642048,0.962489329478177,10425.0
weighted avg,0.9956638676275169,0.9952997601918465,0.9954108108804158,10425.0
